Designator,Mid X,Mid Y,Layer,Rotation
C1,11.800000mm,-22.040000mm,Top,0.000000
C2,19.400000mm,-19.340000mm,Top,0.000000
C3,19.400000mm,-16.940000mm,Top,0.000000
C4,12.600000mm,-15.940000mm,Top,0.000000
C5,19.000000mm,-27.340000mm,Top,90.000000
D1,11.600000mm,-10.440000mm,Top,0.000000
D2,15.600000mm,-6.440000mm,Top,0.000000
L1,14.600000mm,-18.640000mm,Top,0.000000
Q1,17.600000mm,-22.340000mm,Top,0.000000
R1,21.400000mm,-24.540000mm,Top,0.000000
R2,21.400000mm,-22.640000mm,Top,0.000000
R3,16.600000mm,-26.340000mm,Top,90.000000
U1,10.000000mm,-18.740000mm,Top,0.000000
